mode,realism,queries,gallery,encoder,frame,card_h,bitrate_kbps,rotation,n,top1_printing,top5_printing,top1_card,top5_card,seconds
synthetic,camera,same,"px:40,60,80,120,160",colorgrid16,1920x1080,40,4000,search,300,0.4867,0.6600,0.5067,0.6633,8.4000
synthetic,camera,same,"px:40,60,80,120,160",colorgrid16,1920x1080,40,4000,oracle,300,0.5000,0.6900,0.5200,0.6933,8.2000
synthetic,camera,same,"px:40,60,80,120,160",dhash16,1920x1080,40,4000,search,300,0.1500,0.2500,0.1533,0.2600,8.3000
synthetic,camera,same,"px:40,60,80,120,160",dhash16,1920x1080,40,4000,oracle,300,0.1833,0.3133,0.1900,0.3200,8.1000
synthetic,camera,same,"px:40,60,80,120,160",timm:vit_small_patch14_dinov2.lvd142m@224,1920x1080,40,4000,search,300,0.1167,0.2267,0.1267,0.2367,62.2000
synthetic,camera,same,"px:40,60,80,120,160",timm:vit_small_patch14_dinov2.lvd142m@224,1920x1080,40,4000,oracle,300,0.1367,0.2767,0.1433,0.2867,18.7000
synthetic,camera,same,"px:40,60,80,120,160",timm:vit_pe_core_small_patch16_384.fb@224,1920x1080,40,4000,search,300,0.1233,0.2667,0.1400,0.2833,43.9000
synthetic,camera,same,"px:40,60,80,120,160",timm:vit_pe_core_small_patch16_384.fb@224,1920x1080,40,4000,oracle,300,0.1633,0.3167,0.1767,0.3233,17.3000
synthetic,camera,same,"px:40,60,80,120,160",colorgrid16,1920x1080,60,4000,search,300,0.5967,0.7467,0.6067,0.7467,8.1000
synthetic,camera,same,"px:40,60,80,120,160",colorgrid16,1920x1080,60,4000,oracle,300,0.6100,0.7833,0.6200,0.7867,7.8000
synthetic,camera,same,"px:40,60,80,120,160",dhash16,1920x1080,60,4000,search,300,0.1767,0.3133,0.1833,0.3133,7.9000
synthetic,camera,same,"px:40,60,80,120,160",dhash16,1920x1080,60,4000,oracle,300,0.2400,0.4067,0.2500,0.4100,7.8000
synthetic,camera,same,"px:40,60,80,120,160",timm:vit_small_patch14_dinov2.lvd142m@224,1920x1080,60,4000,search,300,0.1733,0.3233,0.1767,0.3233,58.2000
synthetic,camera,same,"px:40,60,80,120,160",timm:vit_small_patch14_dinov2.lvd142m@224,1920x1080,60,4000,oracle,300,0.1900,0.3400,0.1967,0.3433,18.3000
synthetic,camera,same,"px:40,60,80,120,160",timm:vit_pe_core_small_patch16_384.fb@224,1920x1080,60,4000,search,300,0.2133,0.3433,0.2300,0.3533,47.4000
synthetic,camera,same,"px:40,60,80,120,160",timm:vit_pe_core_small_patch16_384.fb@224,1920x1080,60,4000,oracle,300,0.2533,0.3967,0.2733,0.4033,29.6000
synthetic,camera,same,"px:40,60,80,120,160",colorgrid16,1920x1080,80,4000,search,300,0.6300,0.7667,0.6367,0.7667,7.8000
synthetic,camera,same,"px:40,60,80,120,160",colorgrid16,1920x1080,80,4000,oracle,300,0.6400,0.7933,0.6467,0.7933,7.5000
synthetic,camera,same,"px:40,60,80,120,160",dhash16,1920x1080,80,4000,search,300,0.2800,0.3733,0.2867,0.3767,7.6000
synthetic,camera,same,"px:40,60,80,120,160",dhash16,1920x1080,80,4000,oracle,300,0.3400,0.4600,0.3500,0.4667,7.5000
synthetic,camera,same,"px:40,60,80,120,160",timm:vit_small_patch14_dinov2.lvd142m@224,1920x1080,80,4000,search,300,0.3267,0.4367,0.3333,0.4367,60.0000
synthetic,camera,same,"px:40,60,80,120,160",timm:vit_small_patch14_dinov2.lvd142m@224,1920x1080,80,4000,oracle,300,0.3400,0.4600,0.3467,0.4633,17.8000
synthetic,camera,same,"px:40,60,80,120,160",timm:vit_pe_core_small_patch16_384.fb@224,1920x1080,80,4000,search,300,0.2333,0.4200,0.2533,0.4300,48.6000
synthetic,camera,same,"px:40,60,80,120,160",timm:vit_pe_core_small_patch16_384.fb@224,1920x1080,80,4000,oracle,300,0.2867,0.4900,0.3100,0.5200,16.6000
synthetic,camera,same,"px:40,60,80,120,160",colorgrid16,1920x1080,120,4000,search,300,0.6733,0.7933,0.6800,0.7933,8.6000
synthetic,camera,same,"px:40,60,80,120,160",colorgrid16,1920x1080,120,4000,oracle,300,0.6933,0.8267,0.7000,0.8267,8.3000
synthetic,camera,same,"px:40,60,80,120,160",dhash16,1920x1080,120,4000,search,300,0.2667,0.3733,0.2867,0.3733,8.4000
synthetic,camera,same,"px:40,60,80,120,160",dhash16,1920x1080,120,4000,oracle,300,0.3367,0.4633,0.3500,0.4700,8.3000
synthetic,camera,same,"px:40,60,80,120,160",timm:vit_small_patch14_dinov2.lvd142m@224,1920x1080,120,4000,search,300,0.4467,0.5633,0.4733,0.5633,60.2000
synthetic,camera,same,"px:40,60,80,120,160",timm:vit_small_patch14_dinov2.lvd142m@224,1920x1080,120,4000,oracle,300,0.4633,0.5867,0.4833,0.5867,18.7000
synthetic,camera,same,"px:40,60,80,120,160",timm:vit_pe_core_small_patch16_384.fb@224,1920x1080,120,4000,search,300,0.3200,0.4733,0.3467,0.4800,62.0000
synthetic,camera,same,"px:40,60,80,120,160",timm:vit_pe_core_small_patch16_384.fb@224,1920x1080,120,4000,oracle,300,0.3600,0.5300,0.3833,0.5367,18.1000
synthetic,camera,same,"px:40,60,80,120,160",colorgrid16,1920x1080,160,4000,search,300,0.7000,0.8100,0.7100,0.8100,9.0000
synthetic,camera,same,"px:40,60,80,120,160",colorgrid16,1920x1080,160,4000,oracle,300,0.7267,0.8333,0.7367,0.8333,8.7000
synthetic,camera,same,"px:40,60,80,120,160",dhash16,1920x1080,160,4000,search,300,0.2533,0.3733,0.2567,0.3733,8.8000
synthetic,camera,same,"px:40,60,80,120,160",dhash16,1920x1080,160,4000,oracle,300,0.3167,0.4700,0.3267,0.4700,8.6000
synthetic,camera,same,"px:40,60,80,120,160",timm:vit_small_patch14_dinov2.lvd142m@224,1920x1080,160,4000,search,300,0.5300,0.6533,0.5533,0.6533,70.5000
synthetic,camera,same,"px:40,60,80,120,160",timm:vit_small_patch14_dinov2.lvd142m@224,1920x1080,160,4000,oracle,300,0.5467,0.6667,0.5667,0.6667,19.2000
synthetic,camera,same,"px:40,60,80,120,160",timm:vit_pe_core_small_patch16_384.fb@224,1920x1080,160,4000,search,300,0.3667,0.5733,0.3867,0.5967,82.2000
synthetic,camera,same,"px:40,60,80,120,160",timm:vit_pe_core_small_patch16_384.fb@224,1920x1080,160,4000,oracle,300,0.4267,0.6467,0.4533,0.6633,18.8000
