event,t_settled,t_before,gate_kind,verdict,reviewed_kind
0,7.8,3.4,appeared,correct,appeared
1,8.4,2.0,appeared,correct,appeared
2,12.0,10.0,disappeared,correct,disappeared
3,27.4,16.8,appeared,wrong,changed
4,29.6,27.6,changed,correct,changed
5,29.6,27.8,changed,correct,changed
6,42.2,41.0,disappeared,correct,disappeared
7,42.2,20.8,appeared,correct,appeared
8,47.0,41.6,appeared,correct,appeared
9,49.0,48.0,disappeared,correct,disappeared
10,54.8,52.2,appeared,wrong,none
11,63.4,48.4,appeared,correct,appeared
12,76.8,75.8,changed,correct,changed
13,81.4,66.2,changed,wrong,none
14,102.8,99.6,changed,correct,changed
15,106.8,103.4,changed,correct,changed
16,108.0,100.2,disappeared,wrong,changed
17,154.2,108.2,appeared,correct,appeared
18,155.2,95.0,changed,wrong,none
19,156.0,108.2,disappeared,correct,disappeared
20,185.8,182.4,changed,wrong,none
21,186.0,103.6,disappeared,wrong,changed
22,188.2,108.2,appeared,wrong,changed
23,190.2,186.4,changed,correct,changed
24,195.6,190.6,changed,wrong,none
25,244.2,242.6,appeared,correct,appeared
26,269.4,264.8,appeared,correct,appeared
27,280.2,276.6,changed,correct,changed
28,300.4,191.4,changed,wrong,appeared
29,322.8,321.6,appeared,correct,appeared
30,323.4,322.4,changed,wrong,none
31,325.6,291.0,changed,wrong,disappeared
32,338.0,333.0,appeared,correct,appeared
33,340.8,338.8,changed,wrong,none
34,343.0,338.4,changed,wrong,appeared
35,344.6,343.6,disappeared,correct,disappeared
36,346.6,342.2,changed,wrong,disappeared
37,348.6,347.4,disappeared,correct,disappeared
38,359.2,94.2,disappeared,correct,disappeared
39,360.2,357.0,disappeared,correct,disappeared
40,362.4,360.8,changed,wrong,none
41,369.2,339.0,appeared,correct,appeared
42,374.6,367.8,appeared,correct,appeared
43,380.4,379.4,disappeared,wrong,none
44,396.8,388.8,changed,wrong,none
45,417.8,399.2,changed,wrong,none
46,527.0,521.6,changed,correct,changed
47,533.6,527.0,appeared,correct,appeared
48,535.2,400.6,changed,correct,changed
49,544.4,528.2,changed,correct,changed
50,552.0,550.0,disappeared,correct,disappeared
51,576.4,572.8,changed,wrong,none
52,577.8,573.4,disappeared,correct,disappeared
53,579.8,571.8,changed,correct,changed
54,593.4,587.8,appeared,correct,appeared
55,595.8,532.2,appeared,wrong,none
56,597.2,595.0,disappeared,correct,disappeared
