event,t_settled,t_before,gate_kind,verdict,reviewed_kind,area_cards
0,8.2,6.6,appeared,correct,appeared,0.37
1,35.8,31.6,appeared,correct,appeared,0.76
2,38.0,36.8,disappeared,correct,disappeared,0.66
3,38.2,37.0,appeared,wrong,none,0.7
4,72.0,71.0,changed,wrong,none,0.35
5,83.0,81.4,appeared,wrong,changed,0.86
6,83.6,81.6,appeared,wrong,,0.55
7,90.4,71.4,appeared,wrong,,0.76
8,156.0,152.8,changed,wrong,none,0.63
9,169.6,167.6,appeared,wrong,changed,0.48
10,178.6,161.2,appeared,correct,appeared,3.81
11,194.8,193.0,appeared,wrong,none,3.91
12,200.8,197.2,appeared,wrong,none,2.35
13,207.0,206.0,appeared,wrong,none,0.42
14,238.2,233.8,appeared,wrong,changed,0.45
15,293.2,292.4,appeared,wrong,none,0.55
16,294.0,292.0,disappeared,correct,disappeared,3.95
17,294.8,284.2,disappeared,wrong,none,0.67
18,315.8,308.0,appeared,correct,appeared,0.71
19,329.2,327.2,appeared,wrong,changed,1.07
20,330.4,327.2,appeared,wrong,none,1.91
21,332.0,328.4,appeared,correct,appeared,0.95
22,349.6,348.2,appeared,correct,appeared,3.14
23,391.4,348.0,disappeared,wrong,changed,0.39
24,403.4,346.8,changed,correct,changed,0.47
25,414.4,412.8,appeared,wrong,changed,0.65
26,416.6,413.4,disappeared,correct,disappeared,0.56
27,426.8,425.2,disappeared,wrong,none,1.0
28,426.8,425.2,disappeared,wrong,none,0.53
29,427.0,421.6,disappeared,wrong,none,1.38
30,439.2,437.6,appeared,wrong,none,0.77
31,439.8,438.2,disappeared,wrong,none,0.8
32,441.4,440.6,disappeared,wrong,none,0.35
33,441.4,440.6,disappeared,wrong,none,0.38
34,442.2,345.0,appeared,wrong,changed,0.4
35,442.4,439.6,appeared,wrong,changed,0.38
36,445.4,444.0,disappeared,wrong,changed,1.2
37,445.6,444.0,appeared,wrong,changed,1.46
38,445.8,443.8,changed,correct,changed,0.77
39,479.2,478.0,appeared,wrong,changed,2.25
40,490.0,487.0,disappeared,correct,disappeared,1.9
41,491.8,489.2,appeared,correct,appeared,1.62
42,493.6,489.0,disappeared,wrong,appeared,0.88
43,493.6,491.5,appeared,wrong,none,1.8
44,518.4,514.4,disappeared,wrong,none,0.36
45,541.8,539.6,appeared,correct,appeared,0.37
46,562.0,542.7,appeared,wrong,changed,0.39
47,565.2,563.8,appeared,wrong,,1.21
48,571.0,569.6,appeared,wrong,none,0.45
49,573.0,569.2,appeared,wrong,none,0.38
50,596.2,552.4,appeared,wrong,,1.21
