epoch,step,train/cardinality_error,train/cardinality_error_0,train/cardinality_error_1,train/cardinality_error_2,train/cardinality_error_enc,train/class_error,train/loss,train/loss_bbox,train/loss_bbox_aux,train/loss_ce,train/loss_ce_aux,train/loss_giou,train/loss_giou_aux,train/loss_keypoints_findable,train/loss_keypoints_findable_aux,train/loss_keypoints_l1,train/loss_keypoints_l1_aux,train/loss_keypoints_nll,train/loss_keypoints_nll_aux,train/loss_keypoints_visible,train/loss_keypoints_visible_aux,train/lr,train/lr_max,train/lr_min,val/F1,val/ema_keypoint_mAR,val/ema_keypoint_map_50,val/ema_keypoint_map_50_95,val/ema_keypoint_map_75,val/ema_mAP_50,val/ema_mAP_50_95,val/ema_mAP_75,val/ema_mAR,val/keypoint_mAR,val/keypoint_map_50,val/keypoint_map_50_95,val/keypoint_map_75,val/mAP_50,val/mAP_50_95,val/mAP_75,val/mAR,val/precision,val/recall
0,49,,,,,,,,,,,,,,,,,,,,,,1.0041841051133815e-05,1.0041841051133815e-05,3.246089477215719e-07,,,,,,,,,,,,,,,,,,,
0,99,,,,,,,,,,,,,,,,,,,,,,2.050209150183946e-05,2.050209150183946e-05,6.627432753703033e-07,,,,,,,,,,,,,,,,,,,
0,149,,,,,,,,,,,,,,,,,,,,,,3.0962342862039804e-05,3.0962342862039804e-05,1.0008776598624536e-06,,,,,,,,,,,,,,,,,,,
0,199,,,,,,,,,,,,,,,,,,,,,,4.142259422224015e-05,4.142259422224015e-05,1.339011987511185e-06,,,,,,,,,,,,,,,,,,,
0,249,,,,,,,,,,,,,,,,,,,,,,5.1882845582440495e-05,5.1882845582440495e-05,1.6771463151599164e-06,,,,,,,,,,,,,,,,,,,
0,299,,,,,,,,,,,,,,,,,,,,,,6.234309694264084e-05,6.234309694264084e-05,2.015280642808648e-06,,,,,,,,,,,,,,,,,,,
0,349,,,,,,,,,,,,,,,,,,,,,,7.280334830284119e-05,7.280334830284119e-05,2.3534148567705415e-06,,,,,,,,,,,,,,,,,,,
0,399,,,,,,,,,,,,,,,,,,,,,,8.326359966304153e-05,8.326359966304153e-05,2.6915492981061107e-06,,,,,,,,,,,,,,,,,,,
0,449,,,,,,,,,,,,,,,,,,,,,,9.372385102324188e-05,9.372385102324188e-05,3.0296835120680043e-06,,,,,,,,,,,,,,,,,,,
0,499,,,,,,,,,,,,,,,,,,,,,,9.999961184803396e-05,9.999961184803396e-05,3.232551534892991e-06,,,,,,,,,,,,,,,,,,,
0,549,,,,,,,,,,,,,,,,,,,,,,9.999520989367738e-05,9.999520989367738e-05,3.2324091989721637e-06,,,,,,,,,,,,,,,,,,,
0,599,,,,,,,,,,,,,,,,,,,,,,9.998591849580407e-05,9.998591849580407e-05,3.2321090657205787e-06,,,,,,,,,,,,,,,,,,,
0,649,,,,,,,,,,,,,,,,,,,,,,9.997173765441403e-05,9.997173765441403e-05,3.231650680390885e-06,,,,,,,,,,,,,,,,,,,
0,699,,,,,,,,,,,,,,,,,,,,,,9.995267464546487e-05,9.995267464546487e-05,3.231034497730434e-06,,,,,,,,,,,,,,,,,,,
0,749,,,,,,,,,,,,,,,,,,,,,,9.992872946895659e-05,9.992872946895659e-05,3.2302602903655497e-06,,,,,,,,,,,,,,,,,,,
0,799,,,,,,,,,,,,,,,,,,,,,,9.989989484893158e-05,9.989989484893158e-05,3.229328285669908e-06,,,,,,,,,,,,,,,,,,,
0,849,,,,,,,,,,,,,,,,,,,,,,9.986618533730507e-05,9.986618533730507e-05,3.2282384836435085e-06,,,,,,,,,,,,,,,,,,,
0,899,,,,,,,,,,,,,,,,,,,,,,9.982759365811944e-05,9.982759365811944e-05,3.226991111660027e-06,,,,,,,,,,,,,,,,,,,
0,949,,,,,,,,,,,,,,,,,,,,,,9.978414163924754e-05,9.978414163924754e-05,3.2255863970931387e-06,,,,,,,,,,,,,,,,,,,
0,999,,,,,,,,,,,,,,,,,,,,,,9.973581472877413e-05,9.973581472877413e-05,3.224024112569168e-06,,,,,,,,,,,,,,,,,,,
0,1049,,,,,,,,,,,,,,,,,,,,,,9.968262020265684e-05,9.968262020265684e-05,3.2223047128354665e-06,,,,,,,,,,,,,,,,,,,
0,1099,,,,,,,,,,,,,,,,,,,,,,9.96245798887685e-05,9.96245798887685e-05,3.220428425265709e-06,,,,,,,,,,,,,,,,,,,
0,1149,,,,,,,,,,,,,,,,,,,,,,9.956167923519388e-05,9.956167923519388e-05,3.2183952498598956e-06,,,,,,,,,,,,,,,,,,,
0,1199,,,,,,,,,,,,,,,,,,,,,,9.949394006980583e-05,9.949394006980583e-05,3.216205413991702e-06,,,,,,,,,,,,,,,,,,,
0,1249,,,,,,,,,,,,,,,,,,,,,,9.942136239260435e-05,9.942136239260435e-05,3.2138593724084785e-06,,,,,,,,,,,,,,,,,,,
0,1299,,,,,,,,,,,,,,,,,,,,,,9.934395347954705e-05,9.934395347954705e-05,3.2113571251102258e-06,,,,,,,,,,,,,,,,,,,
0,1349,,,,,,,,,,,,,,,,,,,,,,9.926172060659155e-05,9.926172060659155e-05,3.208698899470619e-06,,,,,,,,,,,,,,,,,,,
0,1399,,,,,,,,,,,,,,,,,,,,,,9.917467832565308e-05,9.917467832565308e-05,3.205885150237009e-06,,,,,,,,,,,,,,,,,,,
0,1449,,,,,,,,,,,,,,,,,,,,,,9.908282663673162e-05,9.908282663673162e-05,3.202916104783071e-06,,,,,,,,,,,,,,,,,,,
0,1499,,,,,,,,,,,,,,,,,,,,,,9.898618736770004e-05,9.898618736770004e-05,3.199791990482481e-06,,,,,,,,,,,,,,,,,,,
0,1549,,,,,,,,,,,,,,,,,,,,,,9.888475324260071e-05,9.888475324260071e-05,3.19651326208259e-06,,,,,,,,,,,,,,,,,,,
0,1595,,,,,,,,,,,,,,,,,,,,,,,,,0.9090004563331604,0.8104222416877747,0.8552840948104858,0.7887281775474548,0.8167328834533691,0.9479368329048157,0.82469242811203,0.9089335203170776,0.8814793229103088,0.8104222416877747,0.8552840948104858,0.7887281775474548,0.8167328834533691,0.9479368329048157,0.82469242811203,0.9089335203170776,0.8814793229103088,0.9205878973007202,0.8981821537017822
0,1595,150.1637725830078,86.65444946289062,139.27655029296875,149.39637756347656,135.93287658691406,13.393040657043457,-2.5186378955841064,0.037739865481853485,0.16199660301208496,0.5960180163383484,2.8993256092071533,0.22535131871700287,0.970136284828186,0.10909484326839447,0.5653911828994751,0.3204662799835205,1.395251750946045,-3.7304635047912598,-12.958612442016602,0.24598146975040436,1.1539078950881958,,,,,,,,,,,,,,,,,,,,,,
1,1599,,,,,,,,,,,,,,,,,,,,,,9.877855336526409e-05,9.877855336526409e-05,3.1930801469570724e-06,,,,,,,,,,,,,,,,,,,
1,1649,,,,,,,,,,,,,,,,,,,,,,9.866758045973256e-05,9.866758045973256e-05,3.1894928724796046e-06,,,,,,,,,,,,,,,,,,,
1,1699,,,,,,,,,,,,,,,,,,,,,,9.855186362983659e-05,9.855186362983659e-05,3.1857521207712125e-06,,,,,,,,,,,,,,,,,,,
1,1749,,,,,,,,,,,,,,,,,,,,,,9.843140287557617e-05,9.843140287557617e-05,3.181858346579247e-06,,,,,,,,,,,,,,,,,,,
1,1799,,,,,,,,,,,,,,,,,,,,,,9.830621274886653e-05,9.830621274886653e-05,3.177811322530033e-06,,,,,,,,,,,,,,,,,,,
1,1849,,,,,,,,,,,,,,,,,,,,,,9.81763078016229e-05,9.81763078016229e-05,3.1736121854919475e-06,,,,,,,,,,,,,,,,,,,
1,1899,,,,,,,,,,,,,,,,,,,,,,9.80417025857605e-05,9.80417025857605e-05,3.1692609354649903e-06,,,,,,,,,,,,,,,,,,,
1,1949,,,,,,,,,,,,,,,,,,,,,,9.790240437723696e-05,9.790240437723696e-05,3.1647580271965126e-06,,,,,,,,,,,,,,,,,,,
1,1999,,,,,,,,,,,,,,,,,,,,,,9.775843500392511e-05,9.775843500392511e-05,3.160104370181216e-06,,,,,,,,,,,,,,,,,,,
1,2049,,,,,,,,,,,,,,,,,,,,,,9.760980901774019e-05,9.760980901774019e-05,3.155299737045425e-06,,,,,,,,,,,,,,,,,,,
1,2099,,,,,,,,,,,,,,,,,,,,,,9.745654097059742e-05,9.745654097059742e-05,3.150345264657517e-06,,,,,,,,,,,,,,,,,,,
1,2149,,,,,,,,,,,,,,,,,,,,,,9.729864541441202e-05,9.729864541441202e-05,3.145240953017492e-06,,,,,,,,,,,,,,,,,,,
1,2199,,,,,,,,,,,,,,,,,,,,,,9.713612962514162e-05,9.713612962514162e-05,3.1399877116200514e-06,,,,,,,,,,,,,,,,,,,
1,2249,,,,,,,,,,,,,,,,,,,,,,9.696902998257428e-05,9.696902998257428e-05,3.1345859952125465e-06,,,,,,,,,,,,,,,,,,,
1,2299,,,,,,,,,,,,,,,,,,,,,,9.679734648671001e-05,9.679734648671001e-05,3.129036258542328e-06,,,,,,,,,,,,,,,,,,,
1,2349,,,,,,,,,,,,,,,,,,,,,,9.662110096542165e-05,9.662110096542165e-05,3.1233391837304225e-06,,,,,,,,,,,,,,,,,,,
1,2399,,,,,,,,,,,,,,,,,,,,,,9.644031524658203e-05,9.644031524658203e-05,3.1174952255241806e-06,,,,,,,,,,,,,,,,,,,
1,2449,,,,,,,,,,,,,,,,,,,,,,9.625501115806401e-05,9.625501115806401e-05,3.1115050660446286e-06,,,,,,,,,,,,,,,,,,,
1,2499,,,,,,,,,,,,,,,,,,,,,,9.606519597582519e-05,9.606519597582519e-05,3.1053691600391176e-06,,,,,,,,,,,,,,,,,,,
1,2549,,,,,,,,,,,,,,,,,,,,,,9.587090607965365e-05,9.587090607965365e-05,3.099088417002349e-06,,,,,,,,,,,,,,,,,,,
1,2599,,,,,,,,,,,,,,,,,,,,,,9.567214146954939e-05,9.567214146954939e-05,3.0926635190553498e-06,,,,,,,,,,,,,,,,,,,
1,2649,,,,,,,,,,,,,,,,,,,,,,9.546893852530047e-05,9.546893852530047e-05,3.0860946935717948e-06,,,,,,,,,,,,,,,,,,,
1,2699,,,,,,,,,,,,,,,,,,,,,,9.526131179882213e-05,9.526131179882213e-05,3.0793830774200615e-06,,,,,,,,,,,,,,,,,,,
1,2749,,,,,,,,,,,,,,,,,,,,,,9.504928311798722e-05,9.504928311798722e-05,3.0725288979738252e-06,,,,,,,,,,,,,,,,,,,
1,2799,,,,,,,,,,,,,,,,,,,,,,9.483286703471094e-05,9.483286703471094e-05,3.0655332921014633e-06,,,,,,,,,,,,,,,,,,,
1,2849,,,,,,,,,,,,,,,,,,,,,,9.461209992878139e-05,9.461209992878139e-05,3.058396941924002e-06,,,,,,,,,,,,,,,,,,,
1,2899,,,,,,,,,,,,,,,,,,,,,,9.438699635211378e-05,9.438699635211378e-05,3.0511203021887923e-06,,,,,,,,,,,,,,,,,,,
1,2949,,,,,,,,,,,,,,,,,,,,,,9.415758540853858e-05,9.415758540853858e-05,3.043704282390536e-06,,,,,,,,,,,,,,,,,,,
1,2999,,,,,,,,,,,,,,,,,,,,,,9.392388164997101e-05,9.392388164997101e-05,3.0361497920239344e-06,,,,,,,,,,,,,,,,,,,
1,3049,,,,,,,,,,,,,,,,,,,,,,9.368591418024153e-05,9.368591418024153e-05,3.028457285836339e-06,,,,,,,,,,,,,,,,,,,
1,3099,,,,,,,,,,,,,,,,,,,,,,9.344371210318059e-05,9.344371210318059e-05,3.0206279006961267e-06,,,,,,,,,,,,,,,,,,,
1,3149,,,,,,,,,,,,,,,,,,,,,,9.319728997070342e-05,9.319728997070342e-05,3.0126620913506486e-06,,,,,,,,,,,,,,,,,,,
1,3191,,,,,,,,,,,,,,,,,,,,,,,,,0.9284003973007202,0.8416494727134705,0.874544620513916,0.8267500996589661,0.846397876739502,0.9626480340957642,0.8605837225914001,0.9377462863922119,0.9069051146507263,0.8416494727134705,0.874544620513916,0.8267500996589661,0.846397876739502,0.9626480340957642,0.8605837225914001,0.9377462863922119,0.9069051146507263,0.942457914352417,0.9150899648666382
1,3191,187.8020782470703,128.58639526367188,178.51409912109375,188.1260986328125,190.3822784423828,0.47154664993286133,-18.436763763427734,0.01410731952637434,0.0658971443772316,0.5049195885658264,2.6669390201568604,0.10756189376115799,0.4983022212982178,0.03383702412247658,0.2299395054578781,0.08793937414884567,0.4159375727176666,-6.036135673522949,-21.89735984802246,0.12597604095935822,0.6476481556892395,,,,,,,,,,,,,,,,,,,,,,
2,3199,,,,,,,,,,,,,,,,,,,,,,9.294667688664049e-05,9.294667688664049e-05,3.0045609946682816e-06,,,,,,,,,,,,,,,,,,,
2,3249,,,,,,,,,,,,,,,,,,,,,,9.269190195482224e-05,9.269190195482224e-05,2.9963252927700523e-06,,,,,,,,,,,,,,,,,,,
2,3299,,,,,,,,,,,,,,,,,,,,,,9.243299427907914e-05,9.243299427907914e-05,2.9879558951506624e-06,,,,,,,,,,,,,,,,,,,
2,3349,,,,,,,,,,,,,,,,,,,,,,9.216996841132641e-05,9.216996841132641e-05,2.979453483931138e-06,,,,,,,,,,,,,,,,,,,
2,3399,,,,,,,,,,,,,,,,,,,,,,9.190286800730973e-05,9.190286800730973e-05,2.970819195979857e-06,,,,,,,,,,,,,,,,,,,
2,3449,,,,,,,,,,,,,,,,,,,,,,9.163170034298673e-05,9.163170034298673e-05,2.962053713417845e-06,,,,,,,,,,,,,,,,,,,
2,3499,,,,,,,,,,,,,,,,,,,,,,9.13565163500607e-05,9.13565163500607e-05,2.953157945739804e-06,,,,,,,,,,,,,,,,,,,
2,3549,,,,,,,,,,,,,,,,,,,,,,9.107732330448925e-05,9.107732330448925e-05,2.944133029814111e-06,,,,,,,,,,,,,,,,,,,
2,3599,,,,,,,,,,,,,,,,,,,,,,9.079416486201808e-05,9.079416486201808e-05,2.934979647761793e-06,,,,,,,,,,,,,,,,,,,
2,3649,,,,,,,,,,,,,,,,,,,,,,9.050706285052001e-05,9.050706285052001e-05,2.925698709077551e-06,,,,,,,,,,,,,,,,,,,
2,3699,,,,,,,,,,,,,,,,,,,,,,9.021604637382552e-05,9.021604637382552e-05,2.916291578003438e-06,,,,,,,,,,,,,,,,,,,
2,3749,,,,,,,,,,,,,,,,,,,,,,8.992114453576505e-05,8.992114453576505e-05,2.9067587092868052e-06,,,,,,,,,,,,,,,,,,,
2,3799,,,,,,,,,,,,,,,,,,,,,,8.962239371612668e-05,8.962239371612668e-05,2.897101467169705e-06,,,,,,,,,,,,,,,,,,,
2,3849,,,,,,,,,,,,,,,,,,,,,,8.931982301874086e-05,8.931982301874086e-05,2.8873207611468388e-06,,,,,,,,,,,,,,,,,,,
2,3899,,,,,,,,,,,,,,,,,,,,,,8.901346154743806e-05,8.901346154743806e-05,2.8774172733392334e-06,,,,,,,,,,,,,,,,,,,
2,3949,,,,,,,,,,,,,,,,,,,,,,8.870334568200633e-05,8.870334568200633e-05,2.8673925953626167e-06,,,,,,,,,,,,,,,,,,,
2,3999,,,,,,,,,,,,,,,,,,,,,,8.838949725031853e-05,8.838949725031853e-05,2.8572471819643397e-06,,,,,,,,,,,,,,,,,,,
2,4049,,,,,,,,,,,,,,,,,,,,,,8.807195263216272e-05,8.807195263216272e-05,2.846982397386455e-06,,,,,,,,,,,,,,,,,,,
2,4099,,,,,,,,,,,,,,,,,,,,,,8.775074820732698e-05,8.775074820732698e-05,2.8365993784973398e-06,,,,,,,,,,,,,,,,,,,
2,4149,,,,,,,,,,,,,,,,,,,,,,8.742592035559937e-05,8.742592035559937e-05,2.826099034791696e-06,,,,,,,,,,,,,,,,,,,
2,4199,,,,,,,,,,,,,,,,,,,,,,8.709749090485275e-05,8.709749090485275e-05,2.815482275764225e-06,,,,,,,,,,,,,,,,,,,
2,4249,,,,,,,,,,,,,,,,,,,,,,8.676550351083279e-05,8.676550351083279e-05,2.8047506930306554e-06,,,,,,,,,,,,,,,,,,,
2,4299,,,,,,,,,,,,,,,,,,,,,,8.642998727736995e-05,8.642998727736995e-05,2.7939047413383378e-06,,,,,,,,,,,,,,,,,,,
2,4349,,,,,,,,,,,,,,,,,,,,,,8.60909785842523e-05,8.60909785842523e-05,2.7829462396766758e-06,,,,,,,,,,,,,,,,,,,
2,4399,,,,,,,,,,,,,,,,,,,,,,8.574851381126791e-05,8.574851381126791e-05,2.7718756427930202e-06,,,,,,,,,,,,,,,,,,,
2,4449,,,,,,,,,,,,,,,,,,,,,,8.540262206224725e-05,8.540262206224725e-05,2.7606945423030993e-06,,,,,,,,,,,,,,,,,,,
2,4499,,,,,,,,,,,,,,,,,,,,,,8.505334699293599e-05,8.505334699293599e-05,2.74940407507529e-06,,,,,,,,,,,,,,,,,,,
2,4549,,,,,,,,,,,,,,,,,,,,,,8.47007249831222e-05,8.47007249831222e-05,2.7380051506042946e-06,,,,,,,,,,,,,,,,,,,
2,4599,,,,,,,,,,,,,,,,,,,,,,8.434477786067873e-05,8.434477786067873e-05,2.7264991331321653e-06,,,,,,,,,,,,,,,,,,,
2,4649,,,,,,,,,,,,,,,,,,,,,,8.398555655730888e-05,8.398555655730888e-05,2.7148871595272794e-06,,,,,,,,,,,,,,,,,,,
2,4699,,,,,,,,,,,,,,,,,,,,,,8.362309745280072e-05,8.362309745280072e-05,2.7031703666580142e-06,,,,,,,,,,,,,,,,,,,
2,4749,,,,,,,,,,,,,,,,,,,,,,8.325743692694232e-05,8.325743692694232e-05,2.691349891392747e-06,,,,,,,,,,,,,,,,,,,
2,4787,,,,,,,,,,,,,,,,,,,,,,,,,0.9371089935302734,0.8555262088775635,0.8822662830352783,0.8441022038459778,0.8610773682594299,0.9691290259361267,0.8802821636199951,0.9504120349884033,0.919356107711792,0.8555262088775635,0.8822662830352783,0.8441022038459778,0.8610773682594299,0.9691290259361267,0.8802821636199951,0.9504120349884033,0.919356107711792,0.9479969143867493,0.9266729950904846
2,4787,192.0592041015625,141.58975219726562,186.23410034179688,192.56797790527344,193.6250762939453,0.37681421637535095,-21.8945255279541,0.011713925749063492,0.05518404021859169,0.4621979892253876,2.477543830871582,0.09218360483646393,0.43017223477363586,0.02750345505774021,0.19043400883674622,0.07156134396791458,0.34016159176826477,-6.441285610198975,-23.98320198059082,0.10370185971260071,0.5378801822662354,,,,,,,,,,,,,,,,,,,,,,
3,4799,,,,,,,,,,,,,,,,,,,,,,8.288860408356413e-05,8.288860408356413e-05,2.6794273253472056e-06,,,,,,,,,,,,,,,,,,,
3,4849,,,,,,,,,,,,,,,,,,,,,,8.251664257841185e-05,8.251664257841185e-05,2.667403578016092e-06,,,,,,,,,,,,,,,,,,,
3,4899,,,,,,,,,,,,,,,,,,,,,,8.214159606723115e-05,8.214159606723115e-05,2.6552797862677835e-06,,,,,,,,,,,,,,,,,,,
3,4949,,,,,,,,,,,,,,,,,,,,,,8.176349365385249e-05,8.176349365385249e-05,2.643057541718008e-06,,,,,,,,,,,,,,,,,,,
3,4999,,,,,,,,,,,,,,,,,,,,,,8.138238626997918e-05,8.138238626997918e-05,2.6307377538614674e-06,,,,,,,,,,,,,,,,,,,
3,5049,,,,,,,,,,,,,,,,,,,,,,8.099829574348405e-05,8.099829574348405e-05,2.6183220143138897e-06,,,,,,,,,,,,,,,,,,,
3,5099,,,,,,,,,,,,,,,,,,,,,,8.061128028202802e-05,8.061128028202802e-05,2.6058112325699767e-06,,,,,,,,,,,,,,,,,,,
3,5149,,,,,,,,,,,,,,,,,,,,,,8.022136171348393e-05,8.022136171348393e-05,2.5932070002454566e-06,,,,,,,,,,,,,,,,,,,
3,5199,,,,,,,,,,,,,,,,,,,,,,7.98285982455127e-05,7.98285982455127e-05,2.580510681582382e-06,,,,,,,,,,,,,,,,,,,
3,5249,,,,,,,,,,,,,,,,,,,,,,7.943301898194477e-05,7.943301898194477e-05,2.5677231860754546e-06,,,,,,,,,,,,,,,,,,,
3,5299,,,,,,,,,,,,,,,,,,,,,,7.903466757852584e-05,7.903466757852584e-05,2.554846332714078e-06,,,,,,,,,,,,,,,,,,,
3,5349,,,,,,,,,,,,,,,,,,,,,,7.863358041504398e-05,7.863358041504398e-05,2.541881030992954e-06,,,,,,,,,,,,,,,,,,,
3,5399,,,,,,,,,,,,,,,,,,,,,,7.822980842320248e-05,7.822980842320248e-05,2.5288286451541353e-06,,,,,,,,,,,,,,,,,,,
3,5449,,,,,,,,,,,,,,,,,,,,,,7.782338798278943e-05,7.782338798278943e-05,2.51569076681335e-06,,,,,,,,,,,,,,,,,,,
3,5499,,,,,,,,,,,,,,,,,,,,,,7.741435547359288e-05,7.741435547359288e-05,2.5024687602126505e-06,,,,,,,,,,,,,,,,,,,
3,5549,,,,,,,,,,,,,,,,,,,,,,7.700276182731614e-05,7.700276182731614e-05,2.4891637622204144e-06,,,,,,,,,,,,,,,,,,,
3,5599,,,,,,,,,,,,,,,,,,,,,,7.658864342374727e-05,7.658864342374727e-05,2.475777137078694e-06,,,,,,,,,,,,,,,,,,,
3,5649,,,,,,,,,,,,,,,,,,,,,,7.617205119458959e-05,7.617205119458959e-05,2.4623104764032178e-06,,,,,,,,,,,,,,,,,,,
3,5699,,,,,,,,,,,,,,,,,,,,,,7.575301424367353e-05,7.575301424367353e-05,2.4487649170623627e-06,,,,,,,,,,,,,,,,,,,
3,5749,,,,,,,,,,,,,,,,,,,,,,7.533159077866003e-05,7.533159077866003e-05,2.435142050671857e-06,,,,,,,,,,,,,,,,,,,
3,5799,,,,,,,,,,,,,,,,,,,,,,7.490780990337953e-05,7.490780990337953e-05,2.421443241473753e-06,,,,,,,,,,,,,,,,,,,
3,5849,,,,,,,,,,,,,,,,,,,,,,7.448172982549295e-05,7.448172982549295e-05,2.4076696263364283e-06,,,,,,,,,,,,,,,,,,,
3,5899,,,,,,,,,,,,,,,,,,,,,,7.405338692478836e-05,7.405338692478836e-05,2.393823251622962e-06,,,,,,,,,,,,,,,,,,,
3,5949,,,,,,,,,,,,,,,,,,,,,,7.362281758105382e-05,7.362281758105382e-05,2.37990479945438e-06,,,,,,,,,,,,,,,,,,,
3,5999,,,,,,,,,,,,,,,,,,,,,,7.319008000195026e-05,7.319008000195026e-05,2.3659163161937613e-06,,,,,,,,,,,,,,,,,,,
3,6049,,,,,,,,,,,,,,,,,,,,,,7.275521056726575e-05,7.275521056726575e-05,2.3518589387094835e-06,,,,,,,,,,,,,,,,,,,
3,6099,,,,,,,,,,,,,,,,,,,,,,7.231825293274596e-05,7.231825293274596e-05,2.337734031243599e-06,,,,,,,,,,,,,,,,,,,
3,6149,,,,,,,,,,,,,,,,,,,,,,7.187926530605182e-05,7.187926530605182e-05,2.323543185411836e-06,,,,,,,,,,,,,,,,,,,
3,6199,,,,,,,,,,,,,,,,,,,,,,7.143826951505616e-05,7.143826951505616e-05,2.3092879928299226e-06,,,,,,,,,,,,,,,,,,,
3,6249,,,,,,,,,,,,,,,,,,,,,,7.099533104337752e-05,7.099533104337752e-05,2.2949698177399114e-06,,,,,,,,,,,,,,,,,,,
3,6299,,,,,,,,,,,,,,,,,,,,,,7.055049354676157e-05,7.055049354676157e-05,2.280590024383855e-06,,,,,,,,,,,,,,,,,,,
3,6349,,,,,,,,,,,,,,,,,,,,,,7.01037934049964e-05,7.01037934049964e-05,2.2661499770038063e-06,,,,,,,,,,,,,,,,,,,
3,6383,,,,,,,,,,,,,,,,,,,,,,,,,0.9463974237442017,0.8648773431777954,0.8889299631118774,0.8536508083343506,0.868135392665863,0.9744985699653625,0.8932600021362305,0.9602497220039368,0.9269527196884155,0.8648773431777954,0.8889299631118774,0.8536508083343506,0.868135392665863,0.9744985699653625,0.8932600021362305,0.9602497220039368,0.9269527196884155,0.9659445881843567,0.9278671741485596
3,6383,196.03797912597656,153.52740478515625,191.19024658203125,196.43922424316406,193.59750366210938,0.32899025082588196,-23.61988639831543,0.010443823412060738,0.05004095658659935,0.43158048391342163,2.3087267875671387,0.08448515832424164,0.39961501955986023,0.02418564260005951,0.16935649514198303,0.06482397019863129,0.3127599358558655,-6.668861389160156,-24.847688674926758,0.09217996150255203,0.4820787310600281,,,,,,,,,,,,,,,,,,,,,,
4,6399,,,,,,,,,,,,,,,,,,,,,,6.965528154978529e-05,6.965528154978529e-05,2.2516514945891686e-06,,,,,,,,,,,,,,,,,,,
4,6449,,,,,,,,,,,,,,,,,,,,,,6.920500163687393e-05,6.920500163687393e-05,2.2370959413819946e-06,,,,,,,,,,,,,,,,,,,
4,6499,,,,,,,,,,,,,,,,,,,,,,6.875300459796563e-05,6.875300459796563e-05,2.2224849089980125e-06,,,,,,,,,,,,,,,,,,,
4,6549,,,,,,,,,,,,,,,,,,,,,,6.829932681284845e-05,6.829932681284845e-05,2.207819761679275e-06,,,,,,,,,,,,,,,,,,,
4,6599,,,,,,,,,,,,,,,,,,,,,,6.784403376514092e-05,6.784403376514092e-05,2.1931018636678346e-06,,,,,,,,,,,,,,,,,,,
4,6649,,,,,,,,,,,,,,,,,,,,,,6.73871545586735e-05,6.73871545586735e-05,2.178333033953095e-06,,,,,,,,,,,,,,,,,,,
4,6699,,,,,,,,,,,,,,,,,,,,,,6.69287474011071e-05,6.69287474011071e-05,2.1635146367771085e-06,,,,,,,,,,,,,,,,,,,
4,6749,,,,,,,,,,,,,,,,,,,,,,6.64688486722298e-05,6.64688486722298e-05,2.1486482637556037e-06,,,,,,,,,,,,,,,,,,,
4,6799,,,,,,,,,,,,,,,,,,,,,,6.60075165797025e-05,6.60075165797025e-05,2.133735279130633e-06,,,,,,,,,,,,,,,,,,,
4,6849,,,,,,,,,,,,,,,,,,,,,,6.554479477927089e-05,6.554479477927089e-05,2.1187775018916e-06,,,,,,,,,,,,,,,,,,,
4,6899,,,,,,,,,,,,,,,,,,,,,,6.508072692668065e-05,6.508072692668065e-05,2.1037762962805573e-06,,,,,,,,,,,,,,,,,,,
4,6949,,,,,,,,,,,,,,,,,,,,,,6.46153639536351e-05,6.46153639536351e-05,2.088733253913233e-06,,,,,,,,,,,,,,,,,,,
4,6999,,,,,,,,,,,,,,,,,,,,,,6.414875679183751e-05,6.414875679183751e-05,2.07364973903168e-06,,,,,,,,,,,,,,,,,,,
4,7049,,,,,,,,,,,,,,,,,,,,,,6.368094909703359e-05,6.368094909703359e-05,2.0585275706253015e-06,,,,,,,,,,,,,,,,,,,
4,7099,,,,,,,,,,,,,,,,,,,,,,6.321199180092663e-05,6.321199180092663e-05,2.0433681129361503e-06,,,,,,,,,,,,,,,,,,,
4,7149,,,,,,,,,,,,,,,,,,,,,,6.27419285592623e-05,6.27419285592623e-05,2.02817318495363e-06,,,,,,,,,,,,,,,,,,,
4,7199,,,,,,,,,,,,,,,,,,,,,,6.227081757970154e-05,6.227081757970154e-05,2.012944150919793e-06,,,,,,,,,,,,,,,,,,,
4,7249,,,,,,,,,,,,,,,,,,,,,,6.179869524203241e-05,6.179869524203241e-05,1.9976823750766926e-06,,,,,,,,,,,,,,,,,,,
4,7299,,,,,,,,,,,,,,,,,,,,,,6.13256124779582e-05,6.13256124779582e-05,1.982389903787407e-06,,,,,,,,,,,,,,,,,,,
4,7349,,,,,,,,,,,,,,,,,,,,,,6.085162749513984e-05,6.085162749513984e-05,1.967067873920314e-06,,,,,,,,,,,,,,,,,,,
4,7399,,,,,,,,,,,,,,,,,,,,,,6.037678031134419e-05,6.037678031134419e-05,1.951718104464817e-06,,,,,,,,,,,,,,,,,,,
4,7449,,,,,,,,,,,,,,,,,,,,,,5.9901121858274564e-05,5.9901121858274564e-05,1.9363421870366437e-06,,,,,,,,,,,,,,,,,,,
4,7499,,,,,,,,,,,,,,,,,,,,,,5.9424703067634255e-05,5.9424703067634255e-05,1.9209417132515227e-06,,,,,,,,,,,,,,,,,,,
4,7549,,,,,,,,,,,,,,,,,,,,,,5.8947571233147755e-05,5.8947571233147755e-05,1.9055180473515065e-06,,,,,,,,,,,,,,,,,,,
4,7599,,,,,,,,,,,,,,,,,,,,,,5.8469777286518365e-05,5.8469777286518365e-05,1.8900730083259987e-06,,,,,,,,,,,,,,,,,,,
4,7649,,,,,,,,,,,,,,,,,,,,,,5.799136488349177e-05,5.799136488349177e-05,1.8746080741038895e-06,,,,,,,,,,,,,,,,,,,
4,7699,,,,,,,,,,,,,,,,,,,,,,5.7512388593750075e-05,5.7512388593750075e-05,1.859124949987745e-06,,,,,,,,,,,,,,,,,,,
4,7749,,,,,,,,,,,,,,,,,,,,,,5.703289934899658e-05,5.703289934899658e-05,1.8436250002196175e-06,,,,,,,,,,,,,,,,,,,
4,7799,,,,,,,,,,,,,,,,,,,,,,5.655294080497697e-05,5.655294080497697e-05,1.8281100437889108e-06,,,,,,,,,,,,,,,,,,,
4,7849,,,,,,,,,,,,,,,,,,,,,,5.6072563893394545e-05,5.6072563893394545e-05,1.812581672311353e-06,,,,,,,,,,,,,,,,,,,
4,7899,,,,,,,,,,,,,,,,,,,,,,5.55918195459526e-05,5.55918195459526e-05,1.7970412500289967e-06,,,,,,,,,,,,,,,,,,,
4,7949,,,,,,,,,,,,,,,,,,,,,,5.5110758694354445e-05,5.5110758694354445e-05,1.7814907096180832e-06,,,,,,,,,,,,,,,,,,,
4,7979,,,,,,,,,,,,,,,,,,,,,,,,,0.9497407078742981,0.8717796802520752,0.8895524740219116,0.8613638281822205,0.874808132648468,0.9762470126152039,0.9032595157623291,0.9655713438987732,0.9336227774620056,0.8717796802520752,0.8895524740219116,0.8613638281822205,0.874808132648468,0.9762470126152039,0.9032595157623291,0.9655713438987732,0.9336227774620056,0.96213299036026,0.9377020597457886
4,7979,199.6976776123047,163.24147033691406,195.9419708251953,200.126953125,195.94837951660156,0.2791227698326111,-25.3078670501709,0.009534560143947601,0.04566384479403496,0.4046172797679901,2.1726367473602295,0.07824373245239258,0.37029653787612915,0.021734658628702164,0.1503378450870514,0.059626348316669464,0.28746744990348816,-6.865672588348389,-25.816558837890625,0.08488724380731583,0.44273310899734497,,,,,,,,,,,,,,,,,,,,,,
5,7999,,,,,,,,,,,,,,,,,,,,,,5.462942863232456e-05,5.462942863232456e-05,1.7659313016338274e-06,,,,,,,,,,,,,,,,,,,
5,8049,,,,,,,,,,,,,,,,,,,,,,5.414788029156625e-05,5.414788029156625e-05,1.7503649587524706e-06,,,,,,,,,,,,,,,,,,,
5,8099,,,,,,,,,,,,,,,,,,,,,,5.366616096580401e-05,5.366616096580401e-05,1.7347930452160654e-06,,,,,,,,,,,,,,,,,,,
5,8149,,,,,,,,,,,,,,,,,,,,,,5.3184321586741135e-05,5.3184321586741135e-05,1.7192172663271776e-06,,,,,,,,,,,,,,,,,,,
5,8199,,,,,,,,,,,,,,,,,,,,,,5.2702409448102117e-05,5.2702409448102117e-05,1.7036392137015355e-06,,,,,,,,,,,,,,,,,,,
5,8249,,,,,,,,,,,,,,,,,,,,,,5.222047911956906e-05,5.222047911956906e-05,1.6880605926417047e-06,,,,,,,,,,,,,,,,,,,
5,8299,,,,,,,,,,,,,,,,,,,,,,5.1738577894866467e-05,5.1738577894866467e-05,1.672482767389738e-06,,,,,,,,,,,,,,,,,,,
5,8349,,,,,,,,,,,,,,,,,,,,,,5.1256756705697626e-05,5.1256756705697626e-05,1.6569075569350389e-06,,,,,,,,,,,,,,,,,,,
5,8399,,,,,,,,,,,,,,,,,,,,,,5.0775059207808226e-05,5.0775059207808226e-05,1.6413364392064977e-06,,,,,,,,,,,,,,,,,,,
5,8449,,,,,,,,,,,,,,,,,,,,,,5.029354360885918e-05,5.029354360885918e-05,1.6257710058198427e-06,,,,,,,,,,,,,,,,,,,
5,8499,,,,,,,,,,,,,,,,,,,,,,4.981224992661737e-05,4.981224992661737e-05,1.6102129620776395e-06,,,,,,,,,,,,,,,,,,,
5,8549,,,,,,,,,,,,,,,,,,,,,,4.93312363687437e-05,4.93312363687437e-05,1.5946638995956164e-06,,,,,,,,,,,,,,,,,,,
5,8599,,,,,,,,,,,,,,,,,,,,,,4.8850550228962675e-05,4.8850550228962675e-05,1.5791254099895013e-06,,,,,,,,,,,,,,,,,,,
5,8649,,,,,,,,,,,,,,,,,,,,,,4.837023880099878e-05,4.837023880099878e-05,1.5635989711881848e-06,,,,,,,,,,,,,,,,,,,
5,8699,,,,,,,,,,,,,,,,,,,,,,4.78903493785765e-05,4.78903493785765e-05,1.5480862884942326e-06,,,,,,,,,,,,,,,,,,,
5,8749,,,,,,,,,,,,,,,,,,,,,,4.7410936531377956e-05,4.7410936531377956e-05,1.5325889535233728e-06,,,,,,,,,,,,,,,,,,,
5,8799,,,,,,,,,,,,,,,,,,,,,,4.693205119110644e-05,4.693205119110644e-05,1.5171086715781712e-06,,,,,,,,,,,,,,,,,,,
5,8849,,,,,,,,,,,,,,,,,,,,,,4.645373337552883e-05,4.645373337552883e-05,1.5016468069006805e-06,,,,,,,,,,,,,,,,,,,
5,8899,,,,,,,,,,,,,,,,,,,,,,4.5976041292306036e-05,4.5976041292306036e-05,1.4862050647934666e-06,,,,,,,,,,,,,,,,,,,
5,8949,,,,,,,,,,,,,,,,,,,,,,4.549901859718375e-05,4.549901859718375e-05,1.4707850368722575e-06,,,,,,,,,,,,,,,,,,,
5,8999,,,,,,,,,,,,,,,,,,,,,,4.5022719859844074e-05,4.5022719859844074e-05,1.4553883147527813e-06,,,,,,,,,,,,,,,,,,,
5,9049,,,,,,,,,,,,,,,,,,,,,,4.4547188736032695e-05,4.4547188736032695e-05,1.4400163763639284e-06,,,,,,,,,,,,,,,,,,,
5,9099,,,,,,,,,,,,,,,,,,,,,,4.407247615745291e-05,4.407247615745291e-05,1.4246710406951024e-06,,,,,,,,,,,,,,,,,,,
5,9149,,,,,,,,,,,,,,,,,,,,,,4.3598629417829216e-05,4.3598629417829216e-05,1.409353671988356e-06,,,,,,,,,,,,,,,,,,,
5,9199,,,,,,,,,,,,,,,,,,,,,,4.3125703086843714e-05,4.3125703086843714e-05,1.3940659755462548e-06,,,,,,,,,,,,,,,,,,,
5,9249,,,,,,,,,,,,,,,,,,,,,,4.2653737182263285e-05,4.2653737182263285e-05,1.3788094292976893e-06,,,,,,,,,,,,,,,,,,,
5,9299,,,,,,,,,,,,,,,,,,,,,,4.2182786273770034e-05,4.2182786273770034e-05,1.3635857385452255e-06,,,,,,,,,,,,,,,,,,,
5,9349,,,,,,,,,,,,,,,,,,,,,,4.171290129306726e-05,4.171290129306726e-05,1.3483962675309158e-06,,,,,,,,,,,,,,,,,,,
5,9399,,,,,,,,,,,,,,,,,,,,,,4.1244122257921845e-05,4.1244122257921845e-05,1.3332427215573261e-06,,,,,,,,,,,,,,,,,,,
5,9449,,,,,,,,,,,,,,,,,,,,,,4.077650373801589e-05,4.077650373801589e-05,1.3181266922401846e-06,,,,,,,,,,,,,,,,,,,
5,9499,,,,,,,,,,,,,,,,,,,,,,4.031008938909508e-05,4.031008938909508e-05,1.303049543821544e-06,,,,,,,,,,,,,,,,,,,
5,9549,,,,,,,,,,,,,,,,,,,,,,3.984493378084153e-05,3.984493378084153e-05,1.2880130952908075e-06,,,,,,,,,,,,,,,,,,,
5,9575,,,,,,,,,,,,,,,,,,,,,,,,,0.9548152685165405,0.8762219548225403,0.8944268822669983,0.8669858574867249,0.8803560137748718,0.9783357977867126,0.9094434380531311,0.9694215655326843,0.9373007416725159,0.8762219548225403,0.8944268822669983,0.8669858574867249,0.8803560137748718,0.9783357977867126,0.9094434380531311,0.9694215655326843,0.9373007416725159,0.9645957946777344,0.9452994465827942
5,9575,203.24404907226562,170.4874725341797,199.9366455078125,203.51010131835938,197.70175170898438,0.2606410086154938,-26.588502883911133,0.008919516578316689,0.04295293986797333,0.3790362775325775,2.0312113761901855,0.07398076355457306,0.35146260261535645,0.01970476284623146,0.1373254805803299,0.054778583347797394,0.2628509998321533,-7.017197132110596,-26.465951919555664,0.07863812893629074,0.4105651080608368,,,,,,,,,,,,,,,,,,,,,,
6,9599,,,,,,,,,,,,,,,,,,,,,,3.9381080569000915e-05,3.9381080569000915e-05,1.2730187108900282e-06,,,,,,,,,,,,,,,,,,,
6,9649,,,,,,,,,,,,,,,,,,,,,,3.8918573409318924e-05,3.8918573409318924e-05,1.2580678685480962e-06,,,,,,,,,,,,,,,,,,,
6,9699,,,,,,,,,,,,,,,,,,,,,,3.845747050945647e-05,3.845747050945647e-05,1.243162387254415e-06,,,,,,,,,,,,,,,,,,,
6,9749,,,,,,,,,,,,,,,,,,,,,,3.7997808249201626e-05,3.7997808249201626e-05,1.2283035175641999e-06,,,,,,,,,,,,,,,,,,,
6,9799,,,,,,,,,,,,,,,,,,,,,,3.7539641198236495e-05,3.7539641198236495e-05,1.2134929647800163e-06,,,,,,,,,,,,,,,,,,,
6,9849,,,,,,,,,,,,,,,,,,,,,,3.7083013012306765e-05,3.7083013012306765e-05,1.1987322068307549e-06,,,,,,,,,,,,,,,,,,,
6,9899,,,,,,,,,,,,,,,,,,,,,,3.6627970985136926e-05,3.6627970985136926e-05,1.1840227216453059e-06,,,,,,,,,,,,,,,,,,,
6,9949,,,,,,,,,,,,,,,,,,,,,,3.617456604843028e-05,3.617456604843028e-05,1.1693661008393974e-06,,,,,,,,,,,,,,,,,,,
6,9999,,,,,,,,,,,,,,,,,,,,,,3.57228382199537e-05,3.57228382199537e-05,1.1547637086550822e-06,,,,,,,,,,,,,,,,,,,
6,10049,,,,,,,,,,,,,,,,,,,,,,3.527283843141049e-05,3.527283843141049e-05,1.1402171367080882e-06,,,,,,,,,,,,,,,,,,,
6,10099,,,,,,,,,,,,,,,,,,,,,,3.482461397652514e-05,3.482461397652514e-05,1.1257279766141437e-06,,,,,,,,,,,,,,,,,,,
6,10149,,,,,,,,,,,,,,,,,,,,,,3.437820851104334e-05,3.437820851104334e-05,1.1112975926153013e-06,,,,,,,,,,,,,,,,,,,
6,10199,,,,,,,,,,,,,,,,,,,,,,3.393366569071077e-05,3.393366569071077e-05,1.096927576327289e-06,,,,,,,,,,,,,,,,,,,
6,10249,,,,,,,,,,,,,,,,,,,,,,3.3491036447230726e-05,3.3491036447230726e-05,1.0826192919921596e-06,,,,,,,,,,,,,,,,,,,
6,10299,,,,,,,,,,,,,,,,,,,,,,3.30503644363489e-05,3.30503644363489e-05,1.0683742175388034e-06,,,,,,,,,,,,,,,,,,,
6,10349,,,,,,,,,,,,,,,,,,,,,,3.2611693313810974e-05,3.2611693313810974e-05,1.0541939445829485e-06,,,,,,,,,,,,,,,,,,,
6,10399,,,,,,,,,,,,,,,,,,,,,,3.217507037334144e-05,3.217507037334144e-05,1.0400797236798098e-06,,,,,,,,,,,,,,,,,,,
6,10449,,,,,,,,,,,,,,,,,,,,,,3.1740539270685986e-05,3.1740539270685986e-05,1.0260332601319533e-06,,,,,,,,,,,,,,,,,,,
6,10499,,,,,,,,,,,,,,,,,,,,,,3.130814366159029e-05,3.130814366159029e-05,1.0120558044945938e-06,,,,,,,,,,,,,,,,,,,
6,10549,,,,,,,,,,,,,,,,,,,,,,3.0877930839778855e-05,3.0877930839778855e-05,9.981489483834594e-07,,,,,,,,,,,,,,,,,,,
6,10599,,,,,,,,,,,,,,,,,,,,,,3.0449944460997358e-05,3.0449944460997358e-05,9.84313942353765e-07,,,,,,,,,,,,,,,,,,,
6,10649,,,,,,,,,,,,,,,,,,,,,,3.0024226362002082e-05,3.0024226362002082e-05,9.705523780212388e-07,,,,,,,,,,,,,,,,,,,
6,10699,,,,,,,,,,,,,,,,,,,,,,2.9600822017528117e-05,2.9600822017528117e-05,9.568656196279335e-07,,,,,,,,,,,,,,,,,,,
6,10749,,,,,,,,,,,,,,,,,,,,,,2.917977690231055e-05,2.917977690231055e-05,9.432550314159016e-07,,,,,,,,,,,,,,,,,,,
6,10799,,,,,,,,,,,,,,,,,,,,,,2.876113103411626e-05,2.876113103411626e-05,9.297220344706147e-07,,,,,,,,,,,,,,,,,,,
6,10849,,,,,,,,,,,,,,,,,,,,,,2.8344928068690933e-05,2.8344928068690933e-05,9.162679930341255e-07,,,,,,,,,,,,,,,,,,,
6,10899,,,,,,,,,,,,,,,,,,,,,,2.7931213480769657e-05,2.7931213480769657e-05,9.028943850353244e-07,,,,,,,,,,,,,,,,,,,
6,10949,,,,,,,,,,,,,,,,,,,,,,2.7520025469129905e-05,2.7520025469129905e-05,8.896025178728451e-07,,,,,,,,,,,,,,,,,,,
6,10999,,,,,,,,,,,,,,,,,,,,,,2.711141132749617e-05,2.711141132749617e-05,8.763937557887402e-07,,,,,,,,,,,,,,,,,,,
6,11049,,,,,,,,,,,,,,,,,,,,,,2.670540925464593e-05,2.670540925464593e-05,8.632695198684814e-07,,,,,,,,,,,,,,,,,,,
6,11099,,,,,,,,,,,,,,,,,,,,,,2.6302062906324863e-05,2.6302062906324863e-05,8.502310606672836e-07,,,,,,,,,,,,,,,,,,,
6,11149,,,,,,,,,,,,,,,,,,,,,,2.5901414119289257e-05,2.5901414119289257e-05,8.372797992706182e-07,,,,,,,,,,,,,,,,,,,
6,11171,,,,,,,,,,,,,,,,,,,,,,,,,0.959648072719574,0.8791953325271606,0.8948675990104675,0.8707114458084106,0.8824776411056519,0.9798510670661926,0.9151524901390076,0.9713578224182129,0.9409239888191223,0.8791953325271606,0.8948675990104675,0.8707114458084106,0.8824776411056519,0.9798510670661926,0.9151524901390076,0.9713578224182129,0.9409239888191223,0.9711123108863831,0.9485012292861938
6,11171,204.72227478027344,176.82205200195312,202.19219970703125,205.19032287597656,198.67959594726562,0.23404693603515625,-27.74005126953125,0.008508161641657352,0.0409943051636219,0.3603726327419281,1.921234369277954,0.07076364010572433,0.3367076814174652,0.0185330118983984,0.12801162898540497,0.050519753247499466,0.24538926780223846,-7.166432857513428,-27.108112335205078,0.07499687373638153,0.39138171076774597,,,,,,,,,,,,,,,,,,,,,,
7,11199,,,,,,,,,,,,,,,,,,,,,,2.5503501092316583e-05,2.5503501092316583e-05,8.244170430771192e-07,,,,,,,,,,,,,,,,,,,
7,11249,,,,,,,,,,,,,,,,,,,,,,2.510836930014193e-05,2.510836930014193e-05,8.11644156328839e-07,,,,,,,,,,,,,,,,,,,
7,11299,,,,,,,,,,,,,,,,,,,,,,2.4716056941542774e-05,2.4716056941542774e-05,7.989623895809927e-07,,,,,,,,,,,,,,,,,,,
7,11349,,,,,,,,,,,,,,,,,,,,,,2.4326604034285992e-05,2.4326604034285992e-05,7.86373107075633e-07,,,,,,,,,,,,,,,,,,,
7,11399,,,,,,,,,,,,,,,,,,,,,,2.3940050596138462e-05,2.3940050596138462e-05,7.738775025245559e-07,,,,,,,,,,,,,,,,,,,
7,11449,,,,,,,,,,,,,,,,,,,,,,2.3556438463856466e-05,2.3556438463856466e-05,7.614769970132329e-07,,,,,,,,,,,,,,,,,,,
7,11499,,,,,,,,,,,,,,,,,,,,,,2.3175805836217478e-05,2.3175805836217478e-05,7.491727842534601e-07,,,,,,,,,,,,,,,,,,,
7,11549,,,,,,,,,,,,,,,,,,,,,,2.2798190911998972e-05,2.2798190911998972e-05,7.369661716438713e-07,,,,,,,,,,,,,,,,,,,
7,11599,,,,,,,,,,,,,,,,,,,,,,2.2423633708967827e-05,2.2423633708967827e-05,7.248583528962627e-07,,,,,,,,,,,,,,,,,,,
7,11649,,,,,,,,,,,,,,,,,,,,,,2.2052172425901517e-05,2.2052172425901517e-05,7.128506354092679e-07,,,,,,,,,,,,,,,,,,,
7,11699,,,,,,,,,,,,,,,,,,,,,,2.1683845261577517e-05,2.1683845261577517e-05,7.00944212894683e-07,,,,,,,,,,,,,,,,,,,
7,11749,,,,,,,,,,,,,,,,,,,,,,2.13186904147733e-05,2.13186904147733e-05,6.891403927511419e-07,,,,,,,,,,,,,,,,,,,
7,11799,,,,,,,,,,,,,,,,,,,,,,2.0956746084266342e-05,2.0956746084266342e-05,6.774402550036029e-07,,,,,,,,,,,,,,,,,,,
7,11849,,,,,,,,,,,,,,,,,,,,,,2.0598048649844714e-05,2.0598048649844714e-05,6.658451638941187e-07,,,,,,,,,,,,,,,,,,,
7,11899,,,,,,,,,,,,,,,,,,,,,,2.0242634491296485e-05,2.0242634491296485e-05,6.543561426042288e-07,,,,,,,,,,,,,,,,,,,
7,11949,,,,,,,,,,,,,,,,,,,,,,1.989054180739913e-05,1.989054180739913e-05,6.429744985325669e-07,,,,,,,,,,,,,,,,,,,
7,11999,,,,,,,,,,,,,,,,,,,,,,1.954180515895132e-05,1.954180515895132e-05,6.317013685475104e-07,,,,,,,,,,,,,,,,,,,
7,12049,,,,,,,,,,,,,,,,,,,,,,1.919646092574112e-05,1.919646092574112e-05,6.205379463608551e-07,,,,,,,,,,,,,,,,,,,
7,12099,,,,,,,,,,,,,,,,,,,,,,1.8854545487556607e-05,1.8854545487556607e-05,6.094853119975596e-07,,,,,,,,,,,,,,,,,,,
7,12149,,,,,,,,,,,,,,,,,,,,,,1.8516093405196443e-05,1.8516093405196443e-05,5.98544602326001e-07,,,,,,,,,,,,,,,,,,,
7,12199,,,,,,,,,,,,,,,,,,,,,,1.81811392394593e-05,1.81811392394593e-05,5.877170110579755e-07,,,,,,,,,,,,,,,,,,,
7,12249,,,,,,,,,,,,,,,,,,,,,,1.7849719370133244e-05,1.7849719370133244e-05,5.770036182184413e-07,,,,,,,,,,,,,,,,,,,
7,12299,,,,,,,,,,,,,,,,,,,,,,1.752186472003814e-05,1.752186472003814e-05,5.664055038323568e-07,,,,,,,,,,,,,,,,,,,
7,12349,,,,,,,,,,,,,,,,,,,,,,1.7197611668962054e-05,1.7197611668962054e-05,5.559238047680992e-07,,,,,,,,,,,,,,,,,,,
7,12399,,,,,,,,,,,,,,,,,,,,,,1.687699113972485e-05,1.687699113972485e-05,5.45559601050627e-07,,,,,,,,,,,,,,,,,,,
7,12449,,,,,,,,,,,,,,,,,,,,,,1.65600395121146e-05,1.65600395121146e-05,5.353139158614795e-07,,,,,,,,,,,,,,,,,,,
7,12499,,,,,,,,,,,,,,,,,,,,,,1.6246785889961757e-05,1.6246785889961757e-05,5.251877723821963e-07,,,,,,,,,,,,,,,,,,,
7,12549,,,,,,,,,,,,,,,,,,,,,,1.593726483406499e-05,1.593726483406499e-05,5.151823074811546e-07,,,,,,,,,,,,,,,,,,,
7,12599,,,,,,,,,,,,,,,,,,,,,,1.5631509086233564e-05,1.5631509086233564e-05,5.052985443398939e-07,,,,,,,,,,,,,,,,,,,
7,12649,,,,,,,,,,,,,,,,,,,,,,1.532954593130853e-05,1.532954593130853e-05,4.955374492965348e-07,,,,,,,,,,,,,,,,,,,
7,12699,,,,,,,,,,,,,,,,,,,,,,1.5031410839583259e-05,1.5031410839583259e-05,4.858999886891979e-07,,,,,,,,,,,,,,,,,,,
7,12749,,,,,,,,,,,,,,,,,,,,,,1.4737132005393505e-05,1.4737132005393505e-05,4.763872425428417e-07,,,,,,,,,,,,,,,,,,,
7,12767,,,,,,,,,,,,,,,,,,,,,,,,,0.9603298902511597,0.8806157112121582,0.8951147794723511,0.8709954619407654,0.8827731609344482,0.9804016947746277,0.9181504845619202,0.9721154570579529,0.9431208968162537,0.8806157112121582,0.8951147794723511,0.8709954619407654,0.8827731609344482,0.9804016947746277,0.9181504845619202,0.9721154570579529,0.9431208968162537,0.9677274227142334,0.9530635476112366
7,12767,206.0791015625,181.74842834472656,203.6491241455078,206.47125244140625,199.27232360839844,0.2078867107629776,-28.647287368774414,0.00816565565764904,0.03906651958823204,0.3466779589653015,1.829472541809082,0.06837020069360733,0.3238391578197479,0.017383316531777382,0.12010630965232849,0.0491667278110981,0.2345205545425415,-7.272443771362305,-27.617441177368164,0.07246630638837814,0.37601786851882935,,,,,,,,,,,,,,,,,,,,,,
8,12799,,,,,,,,,,,,,,,,,,,,,,1.4446740351559129e-05,1.4446740351559129e-05,4.670001487738773e-07,,,,,,,,,,,,,,,,,,,
8,12849,,,,,,,,,,,,,,,,,,,,,,1.4160265891405288e-05,1.4160265891405288e-05,4.577397021421348e-07,,,,,,,,,,,,,,,,,,,
8,12899,,,,,,,,,,,,,,,,,,,,,,1.3877738638257142e-05,1.3877738638257142e-05,4.486068121423159e-07,,,,,,,,,,,,,,,,,,,
8,12949,,,,,,,,,,,,,,,,,,,,,,1.3599186786450446e-05,1.3599186786450446e-05,4.396024451125413e-07,,,,,,,,,,,,,,,,,,,
8,12999,,,,,,,,,,,,,,,,,,,,,,1.3324639439815655e-05,1.3324639439815655e-05,4.307275389692222e-07,,,,,,,,,,,,,,,,,,,
8,13049,,,,,,,,,,,,,,,,,,,,,,1.3054124792688526e-05,1.3054124792688526e-05,4.2198297478535096e-07,,,,,,,,,,,,,,,,,,,
8,13099,,,,,,,,,,,,,,,,,,,,,,1.2787671039404813e-05,1.2787671039404813e-05,4.133696620556293e-07,,,,,,,,,,,,,,,,,,,
8,13149,,,,,,,,,,,,,,,,,,,,,,1.2525304555310868e-05,1.2525304555310868e-05,4.0488851027475903e-07,,,,,,,,,,,,,,,,,,,
8,13199,,,,,,,,,,,,,,,,,,,,,,1.2267053534742445e-05,1.2267053534742445e-05,3.9654037209402304e-07,,,,,,,,,,,,,,,,,,,
8,13249,,,,,,,,,,,,,,,,,,,,,,1.2012944353045896e-05,1.2012944353045896e-05,3.883261285864137e-07,,,,,,,,,,,,,,,,,,,
8,13299,,,,,,,,,,,,,,,,,,,,,,1.176300247607287e-05,1.176300247607287e-05,3.8024660398150445e-07,,,,,,,,,,,,,,,,,,,
8,13349,,,,,,,,,,,,,,,,,,,,,,1.1517253369675018e-05,1.1517253369675018e-05,3.723026225088688e-07,,,,,,,,,,,,,,,,,,,
8,13399,,,,,,,,,,,,,,,,,,,,,,1.127572340919869e-05,1.127572340919869e-05,3.6449500839808024e-07,,,,,,,,,,,,,,,,,,,
8,13449,,,,,,,,,,,,,,,,,,,,,,1.1038438060495537e-05,1.1038438060495537e-05,3.5682458587871224e-07,,,,,,,,,,,,,,,,,,,
8,13499,,,,,,,,,,,,,,,,,,,,,,1.0805420060933102e-05,1.0805420060933102e-05,3.492921223369194e-07,,,,,,,,,,,,,,,,,,,
8,13549,,,,,,,,,,,,,,,,,,,,,,1.0576693966868334e-05,1.0576693966868334e-05,3.4189841358056583e-07,,,,,,,,,,,,,,,,,,,
8,13599,,,,,,,,,,,,,,,,,,,,,,1.0352283425163478e-05,1.0352283425163478e-05,3.3464419857409666e-07,,,,,,,,,,,,,,,,,,,
8,13649,,,,,,,,,,,,,,,,,,,,,,1.0132211173186079e-05,1.0132211173186079e-05,3.2753024470366654e-07,,,,,,,,,,,,,,,,,,,
8,13699,,,,,,,,,,,,,,,,,,,,,,9.916500857798383e-06,9.916500857798383e-06,3.205572625120112e-07,,,,,,,,,,,,,,,,,,,
8,13749,,,,,,,,,,,,,,,,,,,,,,9.70517339737853e-06,9.70517339737853e-06,3.1372596254186647e-07,,,,,,,,,,,,,,,,,,,
8,13799,,,,,,,,,,,,,,,,,,,,,,9.498252438788768e-06,9.498252438788768e-06,3.0703708375767746e-07,,,,,,,,,,,,,,,,,,,
8,13849,,,,,,,,,,,,,,,,,,,,,,9.295757081417833e-06,9.295757081417833e-06,3.0049130828047055e-07,,,,,,,,,,,,,,,,,,,
8,13899,,,,,,,,,,,,,,,,,,,,,,9.097709153138567e-06,9.097709153138567e-06,2.940892898095626e-07,,,,,,,,,,,,,,,,,,,
8,13949,,,,,,,,,,,,,,,,,,,,,,8.904129572329111e-06,8.904129572329111e-06,2.8783168204427056e-07,,,,,,,,,,,,,,,,,,,
8,13999,,,,,,,,,,,,,,,,,,,,,,8.715037438378204e-06,8.715037438378204e-06,2.8171916710562073e-07,,,,,,,,,,,,,,,,,,,
8,14049,,,,,,,,,,,,,,,,,,,,,,8.53045185067458e-06,8.53045185067458e-06,2.7575234184951114e-07,,,,,,,,,,,,,,,,,,,
8,14099,,,,,,,,,,,,,,,,,,,,,,8.350392818101682e-06,8.350392818101682e-06,2.6993183155354927e-07,,,,,,,,,,,,,,,,,,,
8,14149,,,,,,,,,,,,,,,,,,,,,,8.174879440048244e-06,8.174879440048244e-06,2.6425820465192373e-07,,,,,,,,,,,,,,,,,,,
8,14199,,,,,,,,,,,,,,,,,,,,,,8.003928087418899e-06,8.003928087418899e-06,2.587321148439514e-07,,,,,,,,,,,,,,,,,,,
8,14249,,,,,,,,,,,,,,,,,,,,,,7.837556950107682e-06,7.837556950107682e-06,2.533540737204021e-07,,,,,,,,,,,,,,,,,,,
8,14299,,,,,,,,,,,,,,,,,,,,,,7.67578421800863e-06,7.67578421800863e-06,2.4812464971546433e-07,,,,,,,,,,,,,,,,,,,
8,14349,,,,,,,,,,,,,,,,,,,,,,7.518624897784321e-06,7.518624897784321e-06,2.4304438284161733e-07,,,,,,,,,,,,,,,,,,,
8,14363,,,,,,,,,,,,,,,,,,,,,,,,,0.9615981578826904,0.8822359442710876,0.8959481120109558,0.8735334277153015,0.886936604976654,0.9807820916175842,0.9196754097938538,0.9734684824943542,0.9439051747322083,0.8822359442710876,0.8959481120109558,0.8735334277153015,0.886936604976654,0.9807820916175842,0.9196754097938538,0.9734684824943542,0.9439051747322083,0.9724724888801575,0.9510332345962524
8,14363,206.78579711914062,184.25955200195312,204.3696746826172,207.2521209716797,199.57620239257812,0.1895555704832077,-29.188928604125977,0.007953673601150513,0.03810788691043854,0.33761242032051086,1.7803133726119995,0.06690962612628937,0.31707963347435,0.016942426562309265,0.11703036725521088,0.04792441427707672,0.22848829627037048,-7.338446617126465,-27.932891845703125,0.07039175182580948,0.3675304651260376,,,,,,,,,,,,,,,,,,,,,,
9,14399,,,,,,,,,,,,,,,,,,,,,,7.366095815086737e-06,7.366095815086737e-06,2.3811378468963085e-07,,,,,,,,,,,,,,,,,,,
9,14449,,,,,,,,,,,,,,,,,,,,,,7.218213340820512e-06,7.218213340820512e-06,2.3333338106112933e-07,,,,,,,,,,,,,,,,,,,
9,14499,,,,,,,,,,,,,,,,,,,,,,7.074992026900873e-06,7.074992026900873e-06,2.287036551251731e-07,,,,,,,,,,,,,,,,,,,
9,14549,,,,,,,,,,,,,,,,,,,,,,6.936446425243048e-06,6.936446425243048e-06,2.2422507583996776e-07,,,,,,,,,,,,,,,,,,,
9,14599,,,,,,,,,,,,,,,,,,,,,,6.802591087762266e-06,6.802591087762266e-06,2.1989812637457362e-07,,,,,,,,,,,,,,,,,,,
9,14649,,,,,,,,,,,,,,,,,,,,,,6.673440111626405e-06,6.673440111626405e-06,2.1572323305463215e-07,,,,,,,,,,,,,,,,,,,
9,14699,,,,,,,,,,,,,,,,,,,,,,6.54900668450864e-06,6.54900668450864e-06,2.117008364166395e-07,,,,,,,,,,,,,,,,,,,
9,14749,,,,,,,,,,,,,,,,,,,,,,6.4293030845874455e-06,6.4293030845874455e-06,2.0783134857538244e-07,,,,,,,,,,,,,,,,,,,
9,14799,,,,,,,,,,,,,,,,,,,,,,6.314342044788646e-06,6.314342044788646e-06,2.0411515322393825e-07,,,,,,,,,,,,,,,,,,,
9,14849,,,,,,,,,,,,,,,,,,,,,,6.204135388543364e-06,6.204135388543364e-06,2.005526624770937e-07,,,,,,,,,,,,,,,,,,,
9,14899,,,,,,,,,,,,,,,,,,,,,,6.098694484535372e-06,6.098694484535372e-06,1.971442031845072e-07,,,,,,,,,,,,,,,,,,,
9,14949,,,,,,,,,,,,,,,,,,,,,,5.998029791953741e-06,5.998029791953741e-06,1.938901590392561e-07,,,,,,,,,,,,,,,,,,,
9,14999,,,,,,,,,,,,,,,,,,,,,,5.902152224734891e-06,5.902152224734891e-06,1.9079085689099884e-07,,,,,,,,,,,,,,,,,,,
9,15049,,,,,,,,,,,,,,,,,,,,,,5.811071332573192e-06,5.811071332573192e-06,1.8784660937853914e-07,,,,,,,,,,,,,,,,,,,
9,15099,,,,,,,,,,,,,,,,,,,,,,5.724796665163012e-06,5.724796665163012e-06,1.8505772914068075e-07,,,,,,,,,,,,,,,,,,,
9,15149,,,,,,,,,,,,,,,,,,,,,,5.643336862704018e-06,5.643336862704018e-06,1.8242448618366325e-07,,,,,,,,,,,,,,,,,,,
9,15199,,,,,,,,,,,,,,,,,,,,,,5.566700565395877e-06,5.566700565395877e-06,1.7994717893543566e-07,,,,,,,,,,,,,,,,,,,
9,15249,,,,,,,,,,,,,,,,,,,,,,5.494895503943553e-06,5.494895503943553e-06,1.7762603476967342e-07,,,,,,,,,,,,,,,,,,,
9,15299,,,,,,,,,,,,,,,,,,,,,,5.4279294090520125e-06,5.4279294090520125e-06,1.754612952709067e-07,,,,,,,,,,,,,,,,,,,
9,15349,,,,,,,,,,,,,,,,,,,,,,5.365808647184167e-06,5.365808647184167e-06,1.7345320202366565e-07,,,,,,,,,,,,,,,,,,,
9,15399,,,,,,,,,,,,,,,,,,,,,,5.308539584802929e-06,5.308539584802929e-06,1.716019539799163e-07,,,,,,,,,,,,,,,,,,,
9,15449,,,,,,,,,,,,,,,,,,,,,,5.2561290431185625e-06,5.2561290431185625e-06,1.699077358807699e-07,,,,,,,,,,,,,,,,,,,
9,15499,,,,,,,,,,,,,,,,,,,,,,5.208581114857225e-06,5.208581114857225e-06,1.683707324673378e-07,,,,,,,,,,,,,,,,,,,
9,15549,,,,,,,,,,,,,,,,,,,,,,5.1659017117344774e-06,5.1659017117344774e-06,1.6699108584816713e-07,,,,,,,,,,,,,,,,,,,
9,15599,,,,,,,,,,,,,,,,,,,,,,5.128094471729128e-06,5.128094471729128e-06,1.6576895234265976e-07,,,,,,,,,,,,,,,,,,,
9,15649,,,,,,,,,,,,,,,,,,,,,,5.095163942314684e-06,5.095163942314684e-06,1.647044456376534e-07,,,,,,,,,,,,,,,,,,,
9,15699,,,,,,,,,,,,,,,,,,,,,,5.067113306722604e-06,5.067113306722604e-06,1.637976936308405e-07,,,,,,,,,,,,,,,,,,,
9,15749,,,,,,,,,,,,,,,,,,,,,,5.043945293436991e-06,5.043945293436991e-06,1.6304876737649465e-07,,,,,,,,,,,,,,,,,,,
9,15799,,,,,,,,,,,,,,,,,,,,,,5.025662630941952e-06,5.025662630941952e-06,1.6245776635059883e-07,,,,,,,,,,,,,,,,,,,
9,15849,,,,,,,,,,,,,,,,,,,,,,5.012266683479538e-06,5.012266683479538e-06,1.620247331857172e-07,,,,,,,,,,,,,,,,,,,
9,15899,,,,,,,,,,,,,,,,,,,,,,5.003759270039154e-06,5.003759270039154e-06,1.617497247252686e-07,,,,,,,,,,,,,,,,,,,
9,15949,,,,,,,,,,,,,,,,,,,,,,5.000140845368151e-06,5.000140845368151e-06,1.6163275518010778e-07,,,,,,,,,,,,,,,,,,,
9,15959,,,,,,,,,,,,,,,,,,,,,,,,,0.963172197341919,0.8831322193145752,0.8961934447288513,0.874163031578064,0.8883886337280273,0.9810128808021545,0.9209063053131104,0.9738456606864929,0.9448651075363159,0.8831322193145752,0.8961934447288513,0.874163031578064,0.8883886337280273,0.9810128808021545,0.9209063053131104,0.9738456606864929,0.9448651075363159,0.9740470051765442,0.9526141285896301
9,15959,207.46514892578125,186.49490356445312,205.45677185058594,208.1377716064453,200.65335083007812,0.20115061104297638,-29.52092170715332,0.007814222946763039,0.03740570321679115,0.33451956510543823,1.7593944072723389,0.06599349528551102,0.3127738833427429,0.016434824094176292,0.11463429778814316,0.0443534292280674,0.21299462020397186,-7.3757004737854,-28.1396541595459,0.07016925513744354,0.36434438824653625,,,,,,,,,,,,,,,,,,,,,,
