threshold,precision,corner_error,group,n,recall
0.3,0.5286,0.0133,all,6564,0.9278
0.3,0.5286,0.0133,whole,3163,0.9997
0.3,0.5286,0.0133,half or more,1841,0.8848
0.3,0.5286,0.0133,strip,1368,0.8538
0.3,0.5286,0.0133,sliver,192,0.6823
0.3,0.5286,0.0133,card,5896,0.9288
0.3,0.5286,0.0133,card_back,668,0.9192
0.5,0.79,0.0132,all,6564,0.911
0.5,0.79,0.0132,whole,3163,0.9997
0.5,0.79,0.0132,half or more,1841,0.8832
0.5,0.79,0.0132,strip,1368,0.8151
0.5,0.79,0.0132,sliver,192,0.401
0.5,0.79,0.0132,card,5896,0.9101
0.5,0.79,0.0132,card_back,668,0.9192
