encoder,group,n,top1_card
colorgrid16-trim0.03,all,4788,0.9566
colorgrid16-trim0.03,legends,313,0.8466
colorgrid16-trim0.03,foil,799,0.8473
colorgrid16-trim0.03,0-60px,861,0.9466
colorgrid16-trim0.03,60-100px,1440,0.9604
colorgrid16-trim0.03,100-140px,1921,0.9568
colorgrid16-trim0.03,140-px,566,0.9611
dhash16-trim0.03,all,4788,0.9632
dhash16-trim0.03,legends,313,0.9425
dhash16-trim0.03,foil,799,0.8874
dhash16-trim0.03,0-60px,861,0.9315
dhash16-trim0.03,60-100px,1440,0.9694
dhash16-trim0.03,100-140px,1921,0.9688
dhash16-trim0.03,140-px,566,0.977
colorgrid16-trim0.03+dhash16-trim0.03,all,4788,0.9829
colorgrid16-trim0.03+dhash16-trim0.03,legends,313,0.9425
colorgrid16-trim0.03+dhash16-trim0.03,foil,799,0.9437
colorgrid16-trim0.03+dhash16-trim0.03,0-60px,861,0.9814
colorgrid16-trim0.03+dhash16-trim0.03,60-100px,1440,0.9854
colorgrid16-trim0.03+dhash16-trim0.03,100-140px,1921,0.9797
colorgrid16-trim0.03+dhash16-trim0.03,140-px,566,0.9894
