match,condition,crops,card_right,card_rate,card_ci95_lo,card_ci95_hi,printing_rate,confident_rate,confident_right_rate,fixed,broken
final,a_catalogue,154,154,1.0,0.9757,1.0,0.9481,1.0,1.0,,
final,b_legend_domains,154,154,1.0,0.9757,1.0,0.9481,1.0,1.0,0,0
final,b_legend_domains_per_side,154,154,1.0,0.9757,1.0,0.9481,1.0,1.0,0,0
final,b_legend_domains_runes,154,154,1.0,0.9757,1.0,0.9481,1.0,1.0,0,0
final,b_legend_domains_per_side_runes,154,154,1.0,0.9757,1.0,0.9481,1.0,1.0,0,0
final,c_both_lists,154,154,1.0,0.9757,1.0,0.9481,1.0,1.0,0,0
final,d_own_list_strict,154,143,0.9286,0.8766,0.9597,0.8766,0.9286,1.0,0,11
final,d_own_list,154,154,1.0,0.9757,1.0,0.9481,1.0,1.0,0,0
final,e_soft_both_lists+0.01,154,154,1.0,0.9757,1.0,0.9481,1.0,1.0,0,0
final,e_soft_own_list+0.01,154,154,1.0,0.9757,1.0,0.9481,1.0,1.0,0,0
final,e_soft_both_lists+0.02,154,154,1.0,0.9757,1.0,0.9481,1.0,1.0,0,0
final,e_soft_own_list+0.02,154,154,1.0,0.9757,1.0,0.9481,1.0,1.0,0,0
final,e_soft_both_lists+0.03,154,154,1.0,0.9757,1.0,0.9481,1.0,1.0,0,0
final,e_soft_own_list+0.03,154,154,1.0,0.9757,1.0,0.9481,1.0,1.0,0,0
final,e_soft_both_lists+0.05,154,154,1.0,0.9757,1.0,0.9481,1.0,1.0,0,0
final,e_soft_own_list+0.05,154,154,1.0,0.9757,1.0,0.9481,1.0,1.0,0,0
final,e_soft_both_lists+0.08,154,154,1.0,0.9757,1.0,0.9481,1.0,1.0,0,0
final,e_soft_own_list+0.08,154,154,1.0,0.9757,1.0,0.9481,1.0,1.0,0,0
final,e_soft_both_lists+0.12,154,154,1.0,0.9757,1.0,0.9481,1.0,1.0,0,0
final,e_soft_own_list+0.12,154,154,1.0,0.9757,1.0,0.9481,1.0,1.0,0,0
final,f_lists_by_legend,154,154,1.0,0.9757,1.0,0.9481,1.0,1.0,0,0
final,oracle_union,154,154,1.0,0.9757,1.0,0.9481,1.0,1.0,0,0
final,oracle_per_side,154,154,1.0,0.9757,1.0,0.9481,1.0,1.0,0,0
swiss10,a_catalogue,464,426,0.9181,0.8896,0.9398,0.9138,0.7435,0.9507,,
swiss10,b_legend_domains,464,428,0.9224,0.8945,0.9434,0.9181,0.8211,0.9554,2,0
swiss10,b_legend_domains_per_side,464,434,0.9353,0.9092,0.9543,0.931,0.8901,0.9588,8,0
swiss10,b_legend_domains_runes,464,428,0.9224,0.8945,0.9434,0.9181,0.8276,0.9479,2,0
swiss10,b_legend_domains_per_side_runes,464,454,0.9784,0.9608,0.9883,0.9547,0.8685,1.0,28,0
swiss10,oracle_union,464,440,0.9483,0.9242,0.965,0.944,0.9806,0.9516,14,0
swiss10,oracle_per_side,464,464,1.0,0.9918,1.0,0.9677,1.0,1.0,38,0
swiss10,wrong_lists_hard,464,39,0.0841,0.0621,0.1128,0.056,0.3578,0.2229,24,411
swiss10,wrong_lists_soft+0.01,464,424,0.9138,0.8847,0.9361,0.9095,0.7392,0.9504,0,2
swiss10,wrong_lists_soft+0.02,464,420,0.9052,0.8751,0.9286,0.9009,0.7371,0.9503,1,7
swiss10,wrong_lists_soft+0.03,464,406,0.875,0.8418,0.902,0.8685,0.7328,0.9529,2,22
swiss10,wrong_lists_soft+0.05,464,365,0.7866,0.7471,0.8215,0.7802,0.7263,0.9525,2,63
swiss10,wrong_lists_soft+0.08,464,340,0.7328,0.6907,0.771,0.7241,0.722,0.9552,4,90
swiss10,wrong_lists_soft+0.12,464,338,0.7284,0.6862,0.7669,0.7155,0.7435,0.9275,7,95
swiss10,wrong_lists_by_legend,464,454,0.9784,0.9608,0.9883,0.9547,0.8685,1.0,28,0
midday,a_catalogue,329,329,1.0,0.9885,1.0,0.997,1.0,1.0,,
midday,b_legend_domains,329,329,1.0,0.9885,1.0,0.997,1.0,1.0,0,0
midday,b_legend_domains_per_side,329,329,1.0,0.9885,1.0,0.997,1.0,1.0,0,0
midday,b_legend_domains_runes,329,329,1.0,0.9885,1.0,0.997,1.0,1.0,0,0
midday,b_legend_domains_per_side_runes,329,329,1.0,0.9885,1.0,0.997,1.0,1.0,0,0
midday,oracle_union,329,329,1.0,0.9885,1.0,0.997,1.0,1.0,0,0
midday,oracle_per_side,329,329,1.0,0.9885,1.0,0.997,1.0,1.0,0,0
midday,wrong_lists_hard,329,121,0.3678,0.3175,0.4211,0.3647,0.6657,0.5525,0,208
midday,wrong_lists_soft+0.01,329,329,1.0,0.9885,1.0,0.997,1.0,1.0,0,0
midday,wrong_lists_soft+0.02,329,329,1.0,0.9885,1.0,0.997,1.0,1.0,0,0
midday,wrong_lists_soft+0.03,329,329,1.0,0.9885,1.0,0.997,1.0,1.0,0,0
midday,wrong_lists_soft+0.05,329,329,1.0,0.9885,1.0,0.997,1.0,1.0,0,0
midday,wrong_lists_soft+0.08,329,329,1.0,0.9885,1.0,0.997,1.0,1.0,0,0
midday,wrong_lists_soft+0.12,329,329,1.0,0.9885,1.0,0.997,1.0,1.0,0,0
midday,wrong_lists_by_legend,329,329,1.0,0.9885,1.0,0.997,1.0,1.0,0,0
